sample,river,zone,site,habitat,Lat,Lon,oxygen,oxygen_sat,temperature,chloride,doc,ammonium,nitrate,phosphate,tp,tn,don,np,benthic_type,afdm,chl,chl_afdm,m,conductivity,time,dry_mass,perc_om
1,Bitterroot,MC,UP,SR,46.667,-114.039,8.61,94.7,20,2.329,1.743,1.5,2.7,11,5.9,144.1,139.9,0.8,Epilithon,0.006,0.05,0.084,975,125.2,0.5,0.01,49.6
2,Bitterroot,MC,UP,RN,46.668,-114.0388,8.53,93.5,19.8,1.822,2.269,3.5,8.7,10.3,7.7,162.1,150,2.6,Epilithon,0.532,7.93,0.149,973,125.3,0.48,8.63,6.2
3,Bitterroot,MC,UP,PO,46.6688,-114.0393,7.9,86,19.5,1.922,1.986,1.5,16,10,5.6,134.2,116.7,3.9,,,,,976,124.7,0.44,,
4,Bitterroot,OC,UP,FC,46.6644,-114.0535,9.02,106.2,23.5,1.446,1.758,3.7,1,10.7,6,110,105.3,1,Epilithon,3.632,38.77,0.107,974,114.3,0.59,16.8,21.6
5,Bitterroot,MC,UP,SL,46.6682,-114.039,8.14,89.4,19.9,1.364,1.833,1.5,18.3,10.7,42.5,486.6,466.8,4.1,Epilithon,0.521,11.35,0.218,974,117.5,0.46,2.97,17.5
7,Bitterroot,OC,UP,BK,46.6678,-114.0448,8.11,93.2,22.2,1.452,2.143,10.4,25.3,13.3,11.6,189.2,153.5,5.9,FBOM,4.005,24.99,0.062,977,115,0.57,32.4,12.4
9,Bitterroot,MC,UP,CZ,46.6689,-114.0394,7.75,83.9,19.2,1.881,2.287,13.8,16.3,10.3,5.1,130.4,100.3,6.4,Epilithon,0.712,9.01,0.127,975,124.9,0.42,6.44,11.1
11,Bitterroot,OC,UP,PS,46.6683,-114.0412,2.9,27.5,18,0.857,1.514,2,39,18,13.4,136.6,95.6,5,Epilithon,1.661,30.2,0.182,968,78.5,0.4,17.99,9.2
13,Bitterroot,OC,UP,OS,46.6656,-114.0375,5.96,63.06,19,2.324,1.832,1.5,1,22.7,10.1,128.5,126,0.2,FBOM,3.581,25.12,0.07,975,173.4,0.48,22.24,16.1
15,Bitterroot,OC,UP,PN,46.6665,-114.0446,3.73,43.5,23.1,0.866,2.847,14.3,12.3,18.7,40.1,292.2,265.5,3.2,FBOM,4.877,64.81,0.133,970,71,0.54,46.46,10.5
16,Bitterroot,MC,MD,SR,46.6909,-114.0453,7.5,80,18.4,1.358,2.256,1.5,24.7,8,11.8,187.4,161.2,7.2,Epilithon,2.354,19.47,0.083,971,121,0.45,14.78,15.9
17,Bitterroot,MC,MD,RN,46.6955,-114.0474,8.2,89.4,19.4,1.672,2.247,1.5,21.7,9.3,5.9,111,87.8,5.5,Epilithon,0.37,5.5,0.149,972,122,0.51,1.82,20.3
18,Bitterroot,MC,MD,PO,46.6973,-114.0454,8.56,94.9,20.4,1.396,2.019,6.4,38.7,10,4.7,116.5,71.4,10,,,,,969,122.1,0.56,,
19,Bitterroot,OC,MD,PS,46.6825,-114.043,5.01,52.4,17.5,1.293,2.013,8.2,24.7,16,11,249.6,216.7,4.5,Epilithon,1.748,31.79,0.182,974,99.8,0.67,7.9,22.1
21,Bitterroot,MC,MD,SL,46.6906,-114.0459,7.66,82.3,18.8,1.594,1.877,1.5,14.7,11.7,6.5,103.9,87.7,3.1,Epilithon,0.273,5.97,0.218,967,220,0.41,1.49,18.3
23,Bitterroot,OC,MD,BK,46.6824,-114.039,9.17,106.8,23,2.043,2.073,3.9,64.7,10.7,15.1,349.5,280.9,14.2,Epilithon,1.914,11.94,0.062,971,126.8,0.71,35.48,5.4
25,Bitterroot,MC,MD,CZ,46.691,-114.0462,7.8,83.9,18.8,1.825,1.984,1.5,1,9,5.8,119.4,116.9,0.6,Epilithon,0.331,4.19,0.126,970,121.4,0.43,1.66,20
27,Bitterroot,OC,MD,PS,46.6951,-114.0459,2.88,27.7,13.6,1.41,1.351,5.4,16.3,16.7,8.6,78.6,56.9,2.9,FBOM,5.609,102,0.182,972,82.4,0.48,48.85,11.5
29,Bitterroot,OC,MD,OS,46.7007,-114.0493,7.07,85.5,24.9,5.328,3.433,13.7,17.7,25.7,24.7,272,240.7,2.7,FBOM,32.187,225.82,0.07,970,134.6,0.6,45.48,70.8
31,Bitterroot,OC,MD,PN,46.7004,-114.0498,2.43,29.2,24.3,6.931,9.875,25.3,15.7,56.7,163,770.8,729.8,1.6,FBOM,10.2,135.54,0.133,968,52.2,0.58,38.01,26.8
32,Bitterroot,MC,DW,SR,46.7189,-114.0452,8.6,97,21.2,1.602,2.26,2.2,1,8.3,18.1,157.1,153.9,0.8,Epilithon,0.305,2.52,0.083,968,117,0.63,1.02,29.7
33,Bitterroot,MC,DW,RN,46.7208,-114.0453,7.25,80.9,18.8,1.611,1.824,8,12.7,8,5.8,134.3,113.6,5.7,Epilithon,0.415,6.18,0.149,964,117.2,0.5,2.67,15.5
34,Bitterroot,MC,DW,PO,46.7119,-114.0464,8.57,98.2,22,1.708,2.334,1.9,1,8.7,7.4,164.9,162,0.7,,,,,974,118,0.7,,
35,Bitterroot,OC,DW,FC,46.7292,-114.0663,10.66,127.8,24.5,3.891,3.275,4.3,30.3,12.3,16.9,244.1,209.5,6.2,Epilithon,1.267,13.53,0.107,961,85.6,0.77,3.24,39.1
36,Bitterroot,MC,DW,SL,46.7211,-114.0459,7.06,74.6,18,1.771,1.942,1.5,4,7.3,8,113.7,108.2,1.7,Epilithon,1.49,32.5,0.218,956,116.6,0.42,11.27,13.2
38,Bitterroot,OC,DW,BK,46.7189,-114.0455,3.54,39.5,20.1,1.465,2.335,21.2,16,16.7,21.4,176.9,139.7,4.9,FBOM,11.628,72.56,0.062,961,86,0.58,126.16,9.2
40,Bitterroot,OC,DW,PN,46.7202,-114.0461,3.97,46.9,23.2,1.267,9.164,11.6,24.7,20,46.9,493.5,457.3,4,FBOM,17.01,226.03,0.133,965,14.1,0.75,117.81,14.4
41,Bitterroot,OC,DW,PS,46.7139,-114.0495,4.6,52.8,22.6,1.422,2.405,3.3,60,13.3,26.6,309.2,245.9,10.5,Epilithon,0.158,2.87,0.182,967,99,0.72,0.35,15.9
43,Bitterroot,OC,DW,OS,46.7147,-114.0411,3.5,37.2,18.3,1.255,1.311,1.6,51,28.3,17.4,108.1,55.5,4.1,Epilithon,0.098,0.69,0.07,974,101,0.66,0.26,37.9
45,Bitterroot,OC,DW,PN,46.7207,-114.0457,5.01,55.7,20.9,1.218,6.025,1.8,34.3,24.3,65,414.3,378.2,3.3,FBOM,17.91,237.98,0.133,964,106.6,0.54,197.9,9
46,Boulder,MC,UP,SR,46.156,-111.9949,5.86,70.3,16,3.594,3.438,34.2,4.7,54,12,151.8,112.9,1.6,Epilithon,0.582,4.93,0.085,1429,164.5,0.42,1.13,51.3
47,Boulder,MC,UP,RN,46.1568,-111.9978,6,74.8,17.6,3.311,3.767,9.3,2.3,48.7,20.5,339.1,327.5,0.5,Epilithon,4.366,87.57,0.201,1421,163.9,0.48,14.62,29.9
48,Boulder,MC,UP,PO,46.1558,-111.9949,5.88,70.9,16.2,3.218,2.25,10.9,7,50,11.3,125.4,107.5,0.8,,,,,1425,165.6,0.44,,
49,Boulder,OC,UP,OS,46.1583,-112.0012,5.26,71.5,22,3.046,6.035,11.8,2.7,61.7,22.7,297.6,283.2,0.5,,,,,1426,238.8,0.66,,
50,Boulder,MC,UP,SL,46.1648,-112.0116,6.03,80.4,20.8,3.846,2.282,5.1,5.3,43.7,10.9,147.4,137,0.5,Epilithon,0.38,14.54,0.383,1430,150.8,0.56,1.62,23.4
52,Boulder,OC,UP,BK,46.157,-111.9972,5.53,75.8,22.3,2.985,3.056,18.6,2,50.7,17.6,182.9,162.3,0.9,FBOM,19.133,35.7,0.019,1428,172.5,0.67,144.48,13.2
54,Boulder,MC,UP,CZ,46.1674,-112.0153,5.73,76.6,21,3.415,3.227,26.6,5.7,49.3,11,142.9,110.6,1.4,Epilithon,0.149,1.2,0.081,1433,161,0.58,1.26,11.8
56,Boulder,OC,UP,PS,46.1563,-111.9952,2.44,28.1,14,1.997,3.345,32.2,21.3,94.7,63.3,200.9,147.4,1.3,Epilithon,0.953,4.97,0.052,1425,123.1,0.45,3.96,24
58,Boulder,OC,UP,OS,46.1597,-112.0055,1.68,21.2,18,2.208,3.602,37.6,5,44.3,55.5,206.4,163.8,2.1,FBOM,1.602,17.19,0.107,1431,173.7,0.64,6.7,23.9
60,Boulder,OC,UP,PN,46.1623,-112.0066,6.92,90,19.6,3.19,3.641,5.1,1.3,80.3,29.2,225.3,218.8,0.2,FBOM,17.537,91.29,0.052,1432,179.4,0.54,110.05,15.9
61,Boulder,MC,MD,SR,46.1413,-111.9835,6.38,76,16,3.299,3.062,1.8,8.7,46.7,16.4,162.9,152.4,0.5,Epilithon,0.497,3.26,0.066,1412,171.9,0.41,1.11,44.8
62,Boulder,MC,MD,RN,46.1415,-111.9835,6.45,78.8,17,3.591,2.973,6.1,2.3,49,10.2,145.1,136.7,0.4,Epilithon,1.629,9.39,0.058,1414,171.8,0.44,5.65,28.8
63,Boulder,MC,MD,PO,46.1418,-111.9838,6.48,79.9,17.4,3.604,3.158,4.6,2,49.3,13,145.6,139,0.3,,,,,1415,173,0.46,,
64,Boulder,MC,MD,SL,46.1436,-111.9857,6.51,84.9,20.2,4.027,2.925,7.6,11,49,14.8,180.8,162.2,0.8,Epilithon,1.131,21.19,0.187,1419,171.1,0.56,4.25,26.6
66,Boulder,OC,MD,BK,46.1419,-111.9838,3.83,47.4,17.6,3.584,2.544,4.7,7,54,16.1,135.4,123.7,0.5,FBOM,3.953,58.38,0.148,1416,170.4,0.47,16.93,23.4
68,Boulder,MC,MD,CZ,46.1435,-111.9858,6.52,84.5,19.8,4.36,2.926,4,9.3,48.3,18.3,238,224.7,0.6,Epilithon,0.546,22.12,0.405,1418,174.5,0.54,4.82,11.3
70,Boulder,OC,MD,PS,46.1474,-111.9929,,,,3.563,1.231,3.8,38,50.3,11.1,114,72.2,1.8,FBOM,35.525,779.17,0.219,1421,,0.54,289.84,12.3
72,Boulder,OC,MD,OS,46.1437,-111.9865,6.5,82.5,18.8,3.601,1.701,27.5,19,60.3,15.9,89.8,43.3,1.7,FBOM,3.33,11.16,0.033,1419,165,0.49,28.39,11.7
74,Boulder,OC,MD,PN,46.1451,-111.9867,4.62,71.2,29.1,2.667,4.135,1.8,1.7,54.7,18.7,197.7,194.3,0.1,FBOM,19.488,42.19,0.022,1417,115.7,0.59,193.31,10.1
75,Boulder,MC,DW,SR,46.1314,-111.9446,4.96,60.7,17.4,4.475,3.012,6.4,3.3,48.3,12.1,188.4,178.7,0.4,Epilithon,0.078,0.91,0.116,1400,115.4,0.34,0.13,60
76,Boulder,MC,DW,RN,46.1321,-111.9601,5.67,71,18.4,4.408,3.164,1.5,1,50.7,19.4,147.6,145.1,0.1,Epilithon,0.321,7.66,0.239,1411,194.9,0.42,1.6,20.1
77,Boulder,MC,DW,PO,46.1323,-111.9551,4.89,60.2,17.6,4.632,2.915,1.5,8,47,17.3,161.6,152.1,0.4,,,,,1408,188.9,0.39,,
78,Boulder,OC,DW,FC,46.1322,-111.9556,5.2,64.4,17.8,3.495,3.016,1.5,15.3,47,11.6,153.3,136.5,0.8,Epilithon,0.077,1.31,0.169,1409,188.4,0.4,0.2,38.8
79,Boulder,MC,DW,SL,46.1322,-111.9604,5.33,68.4,19.5,3.907,3.269,1.5,4,49.7,15,143,137.5,0.2,Epilithon,0.63,16.02,0.254,1412,125.7,0.44,2.68,23.5
81,Boulder,OC,DW,BK,46.1301,-111.9511,3.91,48.3,17.8,3.042,3.876,1.5,1.3,69.7,34.4,137.4,134.6,0.1,FBOM,18.928,50.88,0.027,1406,188.5,0.36,159.69,11.9
83,Boulder,MC,DW,CZ,46.1392,-111.9713,4.65,62.8,21.9,4.256,2.614,1.5,4,47,12,154,148.5,0.3,Epilithon,1.889,15.21,0.081,1412,173.7,0.52,6.08,31.1
85,Boulder,OC,DW,PS,46.1336,-111.9615,11.06,161.2,26.1,2.797,3.975,2.7,2.3,61,91.8,208.9,203.9,0.2,FBOM,101.184,190.44,0.019,1413,119.3,0.46,898.94,11.3
87,Boulder,OC,DW,OS,46.1403,-111.9791,6.69,92.2,22.9,5.612,1.47,3.3,14,65,45.5,121.2,103.9,0.6,FBOM,8.568,46.88,0.055,1418,113.4,0.55,56.58,15.1
89,Boulder,OC,DW,PN,46.1355,-111.9659,3.62,47.8,20.8,3.634,3.791,5.4,2,55.7,37.5,243.5,236.1,0.3,Epilithon,0.297,2.36,0.08,1411,173.7,0.5,0.58,51.4
90,Madison,MC,UP,SR,45.7282,-111.5192,9.88,107.1,19.2,15.426,2.564,1.5,1.3,62.3,19,191.1,188.3,0.1,Epilithon,6.235,45.74,0.073,1305,236.6,0.43,9.54,65.3
91,Madison,MC,UP,RN,45.7257,-111.5212,9.44,101,18.6,16.229,2.358,9.4,4.7,63.7,36.2,167,153,0.5,Epilithon,0.761,13.95,0.183,1302,237.5,0.4,1.19,64.2
92,Madison,OC,UP,FC,45.7277,-111.5182,10.29,115.5,21,15.489,2.263,17.6,5.7,66.7,13.2,189,165.8,0.8,Epilithon,1.734,54.61,0.315,1309,233.6,0.48,3.19,54.4
93,Madison,MC,UP,SL,45.7284,-111.5191,9.34,107.7,22.4,15.643,2.371,3.6,3,67,17.7,180.4,173.8,0.2,Epilithon,0.894,29.97,0.335,1309,228.3,0.5,1.65,54.2
95,Madison,MC,UP,CZ,45.7283,-111.5183,9.88,108.2,19.7,14.064,2.274,1.5,1,63.3,11.6,164,161.5,0.1,Epilithon,3.463,93.7,0.271,1308,232.2,0.44,6.27,55.3
97,Madison,OC,UP,OS,45.728,-111.519,8.84,100.2,21.5,15.373,2.482,5.6,4,68,21.5,174,164.4,0.3,Epilithon,49.35,779.69,0.158,1310,239.3,0.51,318.6,15.5
99,Madison,OC,UP,PN,45.7246,-111.5203,1.02,9.9,14.1,23.886,6.255,250.8,5,77.3,40.4,881.6,625.8,7.3,FBOM,2058.118,460.71,0.002,1302,325.6,0.39,2102.56,97.9
100,Madison,MC,MD,SR,45.7905,-111.5116,9.59,108.3,21.3,16.106,2.379,1.5,1,64.7,14.3,161.4,158.9,0.1,Epilithon,15.38,92.26,0.06,1285,236.4,0.54,21.96,70
101,Madison,MC,MD,RN,45.7921,-111.512,9.51,108.6,21.9,10.214,2.375,5.9,3,52,13.9,154.4,145.5,0.4,Epilithon,11.316,92.32,0.082,1286,236,0.56,17.33,65.3
102,Madison,MC,MD,PO,45.7873,-111.5124,9.59,108,21.2,15.861,2.284,2.6,1,63,13.7,157.4,153.8,0.1,,,,,1281,237,0.53,,
103,Madison,OC,MD,FC,45.7746,-111.5168,9.36,103.1,20.1,16.112,2.339,4.9,1.3,65,15,184.9,178.6,0.2,Epilithon,14.046,15.27,0.011,1283,238.3,0.47,17.99,78.1
104,Madison,MC,MD,SL,45.7855,-111.5137,9.51,109.8,22.5,16.103,2.409,2.4,1,64.3,13.1,153.2,149.8,0.1,Epilithon,1.652,57.28,0.347,1285,234,0.6,5.85,28.2
106,Madison,OC,MD,BK,45.7853,-111.5137,10.19,120.3,23.6,15.871,2.445,59.3,1.3,69.3,18.4,188.2,127.6,1.9,FBOM,9.594,93.83,0.098,1284,233.7,0.62,42.61,22.5
108,Madison,MC,MD,CZ,45.7752,-111.5178,9.25,101.5,19.8,14.596,1.867,11.1,1.3,74.7,18.9,129.8,117.4,0.4,Epilithon,19.161,51.59,0.027,1284,237.9,0.45,31.06,61.7
110,Madison,OC,MD,PN,45.7766,-111.5161,2.2,20.2,11.6,19.048,1.764,13.8,10,70.7,12,106.8,83,0.7,Epilithon,12.62,75.85,0.06,1286,354.6,0.43,56.88,22.2
111,Madison,OC,MD,PN,45.7784,-111.5159,4.58,50.3,19.9,21.461,3.049,48.4,1.7,83,,,,1.3,Epilithon,1.427,23.6,0.165,1289,397,0.39,4.8,29.7
112,Madison,MC,DW,SR,45.8221,-111.5007,6.99,88.7,19.7,15.659,2.227,76.5,2.7,60.3,18.1,195.5,116.4,2.9,Epilithon,2.469,45.84,0.186,1263,234.9,0.46,4.26,57.9
113,Madison,MC,DW,RN,45.816,-111.5052,7.24,99.3,23.1,14.075,2.293,6.9,3.3,65.7,15.4,165.3,155.1,0.3,Epilithon,15.276,57.93,0.038,1271,224.6,0.57,32.67,46.8
114,Madison,MC,DW,PO,45.8167,-111.5029,8.64,105.6,25.5,16.093,2.43,4.8,1,68.7,29.4,206.6,200.8,0.2,,,,,1273,235.1,0.72,,
115,Madison,OC,DW,FC,45.8125,-111.5026,8.87,108.9,25.4,15.175,2.374,1.5,1,64.7,15.8,179.4,176.9,0.1,Epilithon,3.116,14.37,0.046,1283,234.8,0.7,7.63,40.8
116,Madison,MC,DW,SL,45.8144,-111.5043,7.16,98.6,23.6,13.905,2.198,1.5,1,62,17.1,180.7,178.2,0.1,Epilithon,0.892,55.55,0.622,1278,234.9,0.61,2.46,36.3
118,Madison,OC,DW,BK,45.8165,-111.5045,8.88,121.1,23.2,15.768,2.287,5.2,1,61.3,19.8,190.8,184.6,0.2,FBOM,13.288,174.49,0.131,1273,225.8,0.55,62.06,21.4
120,Madison,MC,DW,CZ,45.8192,-111.5016,8.6,105.5,25.7,15.976,2.288,2.6,1,65,20.9,203.8,200.2,0.1,Epilithon,6.406,189.45,0.296,1271,234.63,0.74,12.25,52.3
122,Madison,OC,DW,PN,45.8125,-111.503,4.39,52,22.7,14.035,1.989,99.3,5.3,91,20.7,152.3,47.6,2.5,FBOM,3.885,93.25,0.24,1280,198.63,0.67,18.02,21.6
123,Clark fork,MC,UP,SR,46.6066,-113.0423,6.84,83.2,17.7,5.938,2.815,1.5,1.5,40,29.1,225.7,222.7,0.2,Epilithon,1.908,48.29,0.253,1235,388.2,0.47,6.35,30.1
124,Clark fork,MC,UP,RN,46.6088,-113.0455,9.54,104.9,19.9,5.317,2.859,1.5,1.5,47.7,31.6,305,302,0.1,Epilithon,6.31,134.61,0.213,1243,385.1,0.54,18.41,34.3
125,Clark fork,MC,UP,PO,46.6088,-113.0432,6.68,80.2,17.2,5.567,2.654,1.5,1.5,54,34.3,259.8,256.8,0.1,,,,,1235,389.7,0.45,,
126,Clark fork,MC,UP,SL,46.6084,-113.0438,6.61,78.8,16.9,4.467,2.654,246.9,2.8,69.7,19.7,251.5,1.7,7.9,Epilithon,6.35,44.21,0.07,1235,388.2,0.43,18.6,34.1
128,Clark fork,OC,UP,BK,46.6101,-113.0461,6.31,75.7,17.3,4.931,2.893,29.4,1.5,49,55.9,952.3,921.4,1.4,FBOM,28.48,369.27,0.13,1234,384.8,0.4,390.88,7.3
130,Clark fork,MC,UP,CZ,46.6127,-113.0463,9.58,103.5,19.1,5.996,2.675,2,4.8,46.3,27.9,263.5,256.7,0.3,FBOM,8.433,51.17,0.061,1239,427.9,0.57,146.27,5.8
132,Clark fork,OC,UP,PS,46.61,-113.0466,4.63,54.2,16.1,4.797,1.947,8.4,1.5,95,80.3,169.1,159.2,0.2,FBOM,9.272,277.41,0.299,1234,328.9,0.39,46.61,19.9
134,Clark fork,OC,UP,OS,46.6081,-113.0441,2.57,25.9,15.8,5.094,1.807,1.5,1.5,47.7,32.2,137.7,134.7,0.1,FBOM,9.968,142.8,0.143,1248,413.8,0.52,92.14,10.8
136,Clark fork,OC,UP,FC,46.6118,-113.0487,5.53,64.3,15.9,6.174,3.238,1.5,6.5,39,31.9,242.6,234.6,0.5,Epilithon,0.74,16.2,0.219,1236,389.4,0.36,3.49,21.2
137,Clark fork,OC,UP,PN,46.6062,-113.0434,10.02,131.7,21.5,6.191,7.485,7,1.5,53,52,754.2,745.7,0.4,FBOM,39.36,75.73,0.019,1238,286.3,0.49,250.5,15.7
138,Clark fork,MC,MD,SR,46.6242,-113.0844,6.61,78.8,16.9,6.487,2.513,1.5,1.5,29.7,25.3,224,221,0.2,Epilithon,22.144,38.28,0.017,1224,393.5,0.51,83.28,26.6
139,Clark fork,MC,MD,RN,46.6221,-113.0808,6.33,74.9,16.7,6.661,2.761,1.6,2.5,30,31.5,222.2,218.1,0.3,Epilithon,1.516,39.07,0.258,1226,331.3,0.46,12.11,12.5
140,Clark fork,MC,MD,PO,46.6226,-113.0856,6.26,74,17.1,6.039,2.622,1.5,1.5,27.7,29.2,281.9,278.9,0.2,,,,,1226,393.7,0.55,,
141,Clark fork,OC,MD,FC,46.6252,-113.0933,5.92,72.2,17.9,4.301,2.039,6.9,5.8,33,25.7,224.9,212.2,0.9,,,,,1221,389.6,0.64,,
142,Clark fork,MC,MD,SL,46.624,-113.0845,6.41,76,16.8,6.208,2.588,1.5,1.5,36,27.1,227.6,224.6,0.2,Epilithon,5.208,59.24,0.114,1226,393.1,0.49,22.6,23
144,Clark fork,OC,MD,BK,46.6228,-113.0897,5.67,68.5,17.6,6.065,2.546,20.9,4.2,46,29.6,265.6,240.5,1.2,FBOM,9.144,38.76,0.042,1226,397.6,0.58,118.76,7.7
146,Clark fork,OC,MD,PS,46.6227,-113.09,5.28,58.1,13.1,3.07,1.49,29.2,81.8,42,32.2,320.9,209.9,5.8,Epilithon,8.923,488.31,0.547,1227,458,0.59,28.84,30.9
148,Clark fork,OC,MD,OS,46.6217,-113.0795,6.36,72.3,14.8,7.173,1.88,5.6,1.5,31.7,219.9,936.8,929.7,0.5,FBOM,20.064,86.79,0.043,1225,405.1,0.43,140.89,14.2
150,Clark fork,OC,MD,PN,46.622,-113.0782,4.39,48.43,15.67,10.43,9.695,186.3,2.2,14.3,40.7,690.7,502.2,29.1,FBOM,27.448,767.87,0.28,1225,320.57,0.4,67.16,40.9
151,Clark fork,MC,DW,SR,46.6361,-113.1036,7.58,92.8,18.1,6.204,2.369,1.5,1.5,33.7,25.9,205.9,202.9,0.2,Epilithon,20.716,155.98,0.075,1217,394.1,0.53,59.07,35.1
152,Clark fork,MC,DW,RN,46.6372,-113.1071,7.77,98.6,19.8,6.348,2.403,5.4,2.5,31,20,207.6,199.7,0.6,Epilithon,22.181,896.57,0.404,1218,394,0.6,61.41,36.1
153,Clark fork,MC,DW,PO,46.636,-113.1038,7.52,93.4,18.7,5.856,2.302,1.5,1.5,36,27.1,266.7,263.7,0.2,,,,,1217,391.6,0.56,,
154,Clark fork,OC,DW,FC,46.6387,-113.1158,6.91,89.6,20.9,6.351,2.653,16.2,43.2,80.3,70.6,295.7,236.3,1.6,FBOM,25.853,104.22,0.04,1217,381.2,0.69,187.37,13.8
155,Clark fork,MC,DW,SL,46.6345,-113.1059,7.48,93.7,19.2,6.065,2.364,1.5,1.5,40,25.7,207,204,0.2,Epilithon,5.767,82.58,0.143,1217,389,0.58,22.91,25.2
157,Clark fork,OC,DW,BK,46.6371,-113.1092,7.61,98.8,21.1,6.027,2.322,1.6,1.5,40,28.8,268,264.9,0.2,FBOM,16.567,50.02,0.03,1221,391.8,0.64,175.09,9.5
159,Clark fork,MC,DW,CZ,46.6395,-113.1162,7.5,97.2,21,6.255,2.425,1.5,2.8,39.7,23.7,203.1,198.8,0.2,Epilithon,6.349,28.94,0.046,1215,410.5,0.7,62.93,10.1
161,Clark fork,OC,DW,OS,46.6369,-113.1089,7.4,98.1,22.4,5.552,1.977,55.3,1.5,30.7,17.1,149.5,92.7,4.1,Epilithon,3.373,24.96,0.074,1222,399.1,0.67,8.39,40.2
163,Clark fork,OC,DW,PN,46.6367,-113.1042,5,66.1,22.7,6.538,3.741,1.5,1.8,12,13,307.2,303.9,0.6,FBOM,9.35,692.89,0.741,1215,317.4,0.52,27.35,34.2
164,Big Hole,MC,UP,SR,45.5364,-113.4882,8.4,97.7,12.2,1.263,11.854,8.6,3.7,43.5,59,592.4,580.1,0.6,Epilithon,0.237,0.313,0.013,1875,61.5,0.49,0.37,63.5
165,Big Hole,MC,UP,RN,45.5383,-113.489,8.3,96.8,12.4,1.062,12.046,5.1,3.7,50.8,52.6,562.1,553.3,0.4,Epilithon,0.572,0.162,0.003,1876,61.4,0.51,1.33,43.2
166,Big Hole,OC,UP,FC,45.5297,-113.4891,4.2,46.7,9.9,2.501,6.287,26.7,2,26.2,93.9,364.5,335.8,2.4,Epilithon,1.009,0.103,0.001,1878,105.9,0.42,1.96,51.5
167,Big Hole,MC,UP,SL,45.533,-113.4862,8.3,94.5,11.7,0.77,11.294,3.5,2.7,34.8,59,568.3,562.2,0.4,Epilithon,0.555,0.16,0.003,1878,61.1,0.46,2.19,25.3
169,Big Hole,OC,UP,BK,45.5344,-113.4867,6.8,82.8,13.7,1.467,12.053,57.5,8,49.2,70.9,625.6,560.1,2.9,FBOM,6.844,8.43,0.012,1876,73.4,0.48,43.67,15.7
171,Big Hole,MC,UP,CZ,45.5399,-113.489,8.5,101.5,13.4,1.25,12.531,1.5,3.3,38.2,86.6,708.7,703.9,0.3,Epilithon,0.683,22.105,0.324,1877,64.3,0.54,1.87,36.6
173,Big Hole,OC,UP,PS,45.5431,-113.4882,4.3,53.4,14.7,0.884,9.937,1.5,534,51.5,69.5,478.3,25,23,Epilithon,1.158,1.638,0.014,1877,62.1,0.65,3.33,34.8
175,Big Hole,OC,UP,OS,45.5473,-113.4898,1.1,15.9,11.1,2.121,8.828,1.5,5,31.5,91.2,449,442.5,0.5,FBOM,6.272,0.059,0,1875,95.4,0.63,12.74,49.2
177,Big Hole,OC,UP,PN,45.5425,-113.4884,8.5,101.5,13.2,2.317,11.398,3.4,5.3,25.2,37.8,599.1,590.4,0.8,FBOM,4.352,6.169,0.014,1875,64,0.6,6.4,68
178,Big Hole,MC,MD,SR,45.5641,-113.4896,8.6,98.4,11.4,0.884,12.498,1.8,4.3,43.5,59.7,593.9,587.8,0.3,Epilithon,0.516,10.752,0.208,1866,61.4,0.54,1.3,39.6
179,Big Hole,MC,MD,RN,45.5651,-113.4879,8.3,93.1,11,2.036,12.279,4.5,7,47.5,61.6,641,629.5,0.5,Epilithon,0.594,0.58,0.01,1867,61.6,0.42,1.46,40.6
180,Big Hole,OC,MD,FC,45.5589,-113.4891,9.1,106.4,12.4,0.341,8.413,3.5,4.3,38.8,47.2,442.1,434.3,0.4,Epilithon,0.149,0.117,0.008,1868,62,0.48,0.66,22.7
181,Big Hole,OC,MD,BK,45.5643,-113.4899,8.1,95.1,12.9,1.067,12.069,3.3,4,54.2,58.7,575.8,568.5,0.3,FBOM,15.52,9.282,0.006,1864,64.9,0.44,109.22,14.2
183,Big Hole,MC,MD,CZ,45.5606,-113.4905,8.3,101.8,14.9,1.243,12.302,2.4,5.3,51.2,62.3,633.4,625.7,0.3,Epilithon,0.262,13.493,0.515,1867,62,0.65,0.46,56.8
185,Big Hole,OC,MD,OS,45.5592,-113.488,6,73.5,14.7,1.137,12.701,1.5,2,42.8,94.5,682.9,679.4,0.2,FBOM,7.674,0.087,0,1868,69.1,0.51,31,24.8
187,Big Hole,OC,MD,PN,45.5553,-113.4889,6.3,80.4,16.5,2.015,11.88,4.3,6,46.8,59.1,585.4,575.1,0.5,FBOM,1.854,0.907,0.005,1871,66.3,0.6,4.66,39.8
188,Big Hole,MC,DW,SR,45.6081,-113.4614,8,94.3,12.8,1.489,12.516,2.9,4.7,42.8,65.1,629.6,622,0.4,Epilithon,1.103,117.707,1.067,1845,68.2,0.44,3.77,29.2
189,Big Hole,MC,DW,RN,45.6111,-113.4608,8.1,92.8,12,1.907,20.294,9.1,6,50.2,64.8,658.9,643.8,0.7,Epilithon,0.838,1.156,0.014,1843,68,0.38,2.03,41.4
190,Big Hole,MC,DW,PO,45.6085,-113.461,8.1,96.3,13.2,1.082,12.316,1.5,2.7,42.8,63,604.7,600.5,0.2,,,,,1848,68.6,0.47,,
191,Big Hole,OC,DW,FC,45.6086,-113.4604,7.5,87.1,12.1,1.587,14.211,3.1,3.3,52.8,57.6,764,757.6,0.3,Epilithon,0.646,0.217,0.003,1848,84.7,0.46,1.13,57.2
192,Big Hole,OC,DW,BK,45.6114,-113.461,2.2,25.1,12,1.256,10.251,3.9,6.3,41.5,61.7,502.6,492.4,0.5,FBOM,7.05,23.724,0.034,1842,74.2,0.4,32.79,21.5
194,Big Hole,MC,DW,CZ,45.6098,-113.4618,8,92.3,12.1,1.152,12.441,2,3.3,50.8,69.5,624.9,619.5,0.2,Epilithon,0.449,0.316,0.007,1844,68.1,0.5,1.28,35.1
196,Big Hole,OC,DW,PS,45.6001,-113.4672,2.6,28.9,9.6,1.71,7.522,1.5,3.3,22.2,128.7,400.3,395.5,0.5,FBOM,7.057,0.42,0.001,1846,93,0.56,31.36,22.5
198,Big Hole,OC,DW,PN,45.6072,-113.4615,2.9,33.3,11.6,5.632,24.104,3.9,770,34.5,129.2,1309.3,535.4,49.6,FBOM,24.214,18.032,0.007,1849,117.9,0.52,83.54,29
199,Big Horn,MC,UP,SR,45.643,-107.656,9.36,98.2,13,7.051,3.306,22.7,341,5.3,20.4,555.2,191.5,150.8,Epilithon,0.35,9.164,0.262,903,541,0.4,0.94,37.1
200,Big Horn,MC,UP,RN,45.6442,-107.6595,11.36,127.4,16.3,4.696,3.031,26.7,279,3.7,,,,184.4,Epilithon,0.87,25.2,0.291,899,525,0.63,3.62,23.9
201,Big Horn,MC,UP,PO,45.6615,-107.6202,9.28,99.9,13.8,4.871,3.019,1.5,253.3,4,15.7,557.8,303,140.9,SPOM,0.02,,,892,543,0.46,0.05,44
202,Big Horn,OC,UP,FC,45.6767,-107.6052,8.79,101.2,17.2,6.306,3.502,1.5,274.3,4.3,13.8,905.7,629.9,140.8,FBOM,3.12,77.003,0.247,889,556,0.52,26.37,11.8
203,Big Horn,OC,UP,BK,45.6439,-107.6597,9.86,114.15,17.6,5.838,3.204,1.5,239,2.7,8.3,475.5,235,199.5,FBOM,9.27,35.788,0.039,903,559,0.67,122.45,7.6
205,Big Horn,MC,UP,CZ,45.6437,-107.6592,11.31,129,16.7,2.963,3.36,1.5,128,2.3,8.1,467.3,337.8,122.8,FBOM,0.46,2.136,0.047,903,531,0.65,4.12,11.1
207,Big Horn,OC,UP,BK,45.6643,-107.6144,2.6,31.6,19.9,5.904,6.612,307.7,140.5,26,,,,38.1,FBOM,10.27,3425.246,3.335,891,619,0.48,128.14,8
209,Big Horn,MC,MD,SR,45.7169,-107.5808,11.04,124.3,16.1,7.157,3.399,29.1,335.3,5.3,7.8,297.2,25,151.2,Epilithon,0.26,2.283,0.089,905,555,0.69,0.85,30.3
210,Big Horn,MC,MD,RN,45.6765,-107.6043,10.66,116.6,14.7,7.18,2.892,1.5,283.7,3.3,12.1,571.6,286.4,189.2,Epilithon,2.69,19.409,0.072,889,544,0.54,8.38,32.1
211,Big Horn,MC,MD,PO,45.6868,-107.5982,10.54,115.5,14.8,7.144,2.874,1.5,307,4,11,519.3,210.8,170.6,SPOM,0.02,,,890,549,0.56,0.05,33.8
212,Big Horn,MC,MD,SL,45.693,-107.5908,11.54,130.1,16.1,5.323,3.302,13.4,220.7,5.7,22.8,668.3,434.3,91.4,Epilithon,1.51,4.859,0.032,909,546,0.63,16.84,9
214,Big Horn,OC,MD,BK,45.6929,-107.5906,9.6,108.5,16.2,7.046,3.276,1.5,292,4,,,,162.3,FBOM,1.74,4.101,0.024,891,540,0.58,13.77,12.6
216,Big Horn,OC,MD,PN,45.7562,-107.5653,8.34,119.7,28.6,23.736,8.993,1.5,8.7,5,25.9,632.1,621.9,4.5,FBOM,2.69,4.369,0.016,881,1196,0.64,15.39,17.5
217,Big Horn,MC,DW,RN,45.863,-107.5745,8.38,95.4,16.7,3.143,3.766,7.7,151.3,3,,,,117.3,Epilithon,0.4,9.487,0.236,858,526,0.41,3.5,11.5
218,Big Horn,MC,DW,PO,45.8455,-107.5826,8.1,91.4,16.4,8,2.829,4.4,317.5,4,8.9,397.8,75.9,178,SPOM,0.02,,,868,534,0.35,0.07,26.1
219,Big Horn,OC,DW,FC,45.8544,-107.5834,8.22,93.2,16.6,6.736,2.199,2.5,270.7,3.3,,,,181.3,FBOM,4.04,6.89,0.017,863,532,0.36,48.92,8.3
220,Big Horn,MC,DW,SL,45.8861,-107.5715,8.29,96.5,17.6,6.793,3.704,13.8,232,3.3,8.4,275.7,29.9,163.1,FBOM,3.45,32.02,0.093,860,547,0.46,74.82,4.6
222,Big Horn,OC,DW,BK,45.8862,-107.5709,7.89,93,18.1,6.396,3.448,11.3,237,4,13.5,555.8,307.5,137.3,FBOM,4.32,13.745,0.032,861,548,0.47,39.31,11
224,Big Horn,MC,DW,CZ,45.8559,-107.5768,8.07,91.6,16.5,5.157,3.427,1.7,193.3,3,6.8,275.2,80.2,143.8,FBOM,4.72,3.717,0.008,858,442.8,0.38,55.43,8.5
226,Big Horn,OC,DW,BK,45.8652,-107.5738,7.92,99.9,21.6,38.276,4.461,10.6,210,9,80.4,922.8,702.2,54.2,FBOM,2.9,3.054,0.011,858,1585,0.42,27.81,10.4
228,Big Horn,OC,DW,OS,45.9236,-107.5785,7.66,92.9,19.6,5.618,5.237,1.8,208.3,31,,,,15,FBOM,7.79,14.418,0.019,859,862,0.55,72.69,10.7
230,Tongue,MC,UP,SR,46.3355,-105.7856,7.55,102.2,25.9,2.084,4.375,3.1,3,12.3,3,85.2,79.1,1.1,Epilithon,0.29,0.2,0.008,727,457,0.55,1.3,22.2
231,Tongue,MC,UP,RN,46.3293,-105.7887,7.63,99.5,24.1,3.997,4.498,1.4,3,11.7,21.7,221.3,216.9,0.8,FBOM,4.09,1.1,0.003,732,449.8,0.44,53.47,7.7
232,Tongue,MC,UP,PO,46.3335,-105.7844,7.34,98.3,25.5,2.33,4.405,1.1,0.7,7.3,,,,0.5,,,,,727,452.3,0.54,,
233,Tongue,OC,UP,FC,46.3307,-105.7898,7.24,94,23.9,2.31,4.324,1.4,3.8,7,45.7,578.1,572.9,1.7,FBOM,5.25,4,0.008,733,448.5,0.42,71.13,7.4
234,Tongue,MC,UP,SL,46.3369,-105.7868,7.03,97.9,27.4,2.498,4.447,1.4,6.8,9,,,,2,Epilithon,0.11,0.5,0.045,727,464,0.58,0.95,11.7
236,Tongue,MC,UP,RN,46.3402,-105.7934,8.13,112.2,26.9,2.465,4.499,8.4,3.7,10,,,,2.7,SPOM,0.02,0.1,385.6,730,452.9,0.63,0.11,14.5
237,Tongue,MC,UP,CZ,46.3296,-105.7875,7.35,96.1,24.5,2.517,4.059,16,4.3,8.7,,,,5.2,SPOM,0.01,0.1,532.8,731,445,0.46,0.1,14.5
239,Tongue,OC,UP,RN,46.3304,-105.7849,7.57,100.7,24.9,2.562,4.17,1.4,4,8.5,7.7,201.1,195.7,1.4,SPOM,0.02,0.6,3484.7,728,450.9,0.5,0.11,15
240,Tongue,OC,UP,OS,46.3369,-105.7866,2.37,32.9,27.2,8.883,7.255,1.4,54.3,28,6.7,297.8,242.1,4.4,FBOM,2.26,3,0.013,727,160.6,0.57,26.34,8.6
242,Tongue,MC,UP,RN,46.3382,-105.7969,7.96,109.7,26.9,3.096,3.928,30.7,4,7.7,13.6,253.5,218.8,10,SPOM,0.02,0.1,466.8,732,456,0.64,0.13,16.1
243,Tongue,MC,MD,SR,46.354,-105.8246,7.54,96.7,23.7,2.482,4.326,44.5,3.7,7.5,8.6,154.6,106.4,14.2,Epilithon,0.1,0.3,0.03,726,489,0.35,1.08,9.6
244,Tongue,MC,MD,RN,46.3559,-105.8276,7.28,93.5,23.8,2.565,4.493,39.8,4.3,10.3,,,,9.4,Epilithon,0.23,0.1,0.003,729,468,0.33,1.29,17.5
245,Tongue,MC,MD,PO,46.3536,-105.8108,7.57,97.7,24,2.391,4.101,10,1.7,8,,,,3.2,,,,,724,467,0.43,,
246,Tongue,OC,MD,PN,46.3535,-105.8092,4.52,58.8,24.2,8.773,9.749,6.2,4,13.2,,,,1.7,FBOM,12.98,9.4,0.007,729,2067,0.41,88.35,14.7
247,Tongue,MC,MD,SL,46.3532,-105.813,6.91,90.9,25,2.35,4.188,1.4,4,7.5,11.8,191.5,186.1,1.6,Epilithon,0.04,1.7,0.405,726,467,0.44,0.36,11.3
249,Tongue,OC,MD,BK,46.3515,-105.8147,7.51,98.7,24.9,2.748,3.924,5.1,5.3,8,7.5,196.4,185.9,2.9,FBOM,9.59,6.8,0.007,726,466,0.48,122.62,7.8
251,Tongue,MC,MD,RN,46.3476,-105.8085,7.86,104.6,25.5,2.948,4.726,12.5,4.3,9,,,,4.1,SPOM,0.01,0.1,590.2,726,458,0.51,0.09,15.9
252,Tongue,MC,MD,RN,46.3436,-105.8019,8.12,108.2,25.7,2.29,3.994,13.5,1.7,9.5,,,,3.5,SPOM,0.01,0.1,598.5,726,461,0.55,0.08,17.4
253,Tongue,OC,MD,PN,46.3574,-105.8188,6.23,78.8,23,3.728,5.768,88.9,10,9.5,,,,23,FBOM,6.88,6.5,0.009,725,541,0.38,103.27,6.7
254,Tongue,MC,DW,SR,46.3766,-105.8362,7.92,108.2,27.1,2.148,4.019,2.4,4.3,8.2,,,,1.8,Epilithon,0.08,0.3,0.038,718,471,0.69,0.3,25.5
255,Tongue,MC,DW,RN,46.3745,-105.8418,7.94,108.4,26.9,2.823,4.335,54,5,8.5,,,,15.4,SPOM,0.01,0,162.5,720,470,0.66,0.09,16.8
256,Tongue,MC,DW,PO,46.3731,-105.8457,7.87,106.6,26.5,3.148,4.169,5.4,4.3,9.8,,,,2.2,,,,,724,470,0.63,,
257,Tongue,MC,DW,SL,46.373,-105.8441,7.31,105.4,30.1,3.239,4.261,1.4,4.7,7,,,,1.9,Epilithon,0.35,0.4,0.011,725,448.6,0.64,4.25,8.3
259,Tongue,OC,DW,BK,46.3735,-105.8457,5.16,63.4,21.7,2.458,4.391,4.9,1.7,7.5,,,,1.9,FBOM,1.51,3,0.02,724,504,0.35,17.31,8.7
261,Tongue,MC,DW,RN,46.3767,-105.8466,7.53,96.1,23.7,2.094,4.283,1.4,4.7,7.5,6.4,191.3,185.2,1.8,SPOM,0.01,0,102,720,483,0.39,0.08,16.2
262,Tongue,MC,DW,RN,46.3758,-105.8485,7.59,97.2,23.8,1.959,4.177,1.4,3.7,6.8,,,,1.6,SPOM,0.01,0,297.2,720,482,0.4,0.08,15.8
263,Tongue,OC,DW,PN,46.3754,-105.8474,4.05,50.1,22,5.907,11.373,1.4,1.3,12.8,28,575.5,572.8,0.5,FBOM,5.53,20.6,0.037,720,930,0.38,71.9,7.7
264,Missouri,MC,UP,SR,48.0682,-105.5322,9.48,106.5,17.9,9.84,2.757,7.7,3.3,11.7,7.9,197,186,2.1,Epilithon,0.54,2.4,0.044,601,742,0.42,2.51,21.5
265,Missouri,MC,UP,RN,48.0945,-105.5055,10.1,112.9,17.7,8.947,2.91,14,1.2,11,9.7,161.9,146.7,3.1,SPOM,0.01,0,113.5,600,744,0.5,0.04,24
266,Missouri,MC,UP,PO,48.0716,-105.5255,9.96,110.1,17.2,9.486,2.803,4.9,1.2,10.3,12.6,194.8,188.7,1.3,,,,,600,744,0.44,,
267,Missouri,MC,UP,RN,48.0895,-105.4509,10.23,116,18.3,9.443,2.208,1.4,1.2,10.7,13.5,361.1,358.5,0.5,SPOM,0.01,0,42.3,599,745,0.6,0.04,20.5
268,Missouri,MC,UP,SL,48.093,-105.4968,9.83,111.3,18.2,9.574,3.646,8.8,2,10.7,5.7,114.1,103.3,2.2,FBOM,1.14,2.4,0.021,602,745,0.5,13.8,8.2
270,Missouri,OC,UP,BK,48.0757,-105.5246,10.1,116.2,19.2,9.44,3.845,3.8,2.2,12.3,12.9,147.4,141.4,1.1,FBOM,18.34,25.4,0.014,601,750,0.45,289.63,6.3
272,Missouri,MC,UP,CZ,48.0924,-105.4893,9.72,110.5,18.3,10.032,3.854,10.7,2.3,14,20.9,2043,2030,2.1,FBOM,1.54,2.9,0.019,600,743,0.56,41.36,3.7
274,Missouri,OC,UP,OS,48.0932,-105.49,9.13,120.4,26.1,10.074,3.281,7.9,3.3,13.3,6,152.6,141.4,1.9,FBOM,12.35,28.2,0.023,602,838,0.53,346.45,3.6
276,Missouri,OC,UP,PN,48.0942,-105.4917,12.26,160.7,25.7,21.404,4.648,43.5,7.2,8.3,12.6,478.2,427.5,13.5,FBOM,17.11,27.5,0.016,601,763,0.55,260.28,6.6
277,Missouri,MC,MD,RN,48.0922,-105.4067,9.86,106.9,16.7,10.441,2.969,7.8,4.2,12,11.2,320.6,308.6,2.2,SPOM,0.05,0,13.4,597,741,0.41,0.72,6.5
278,Missouri,MC,MD,PO,48.0914,-105.4366,9.84,112.1,18.4,8.869,3.666,1.4,1.8,8.7,7.9,210.1,206.9,0.8,,,,,601,744,0.61,,
279,Missouri,MC,MD,SL,48.0934,-105.4278,9.53,114.5,21.1,9.864,4.083,17.9,3.3,9.7,7.7,217.9,196.7,4.9,FBOM,12.02,7.1,0.006,600,722,0.64,198.46,6.1
281,Missouri,OC,MD,BK,48.0935,-105.4269,8.75,117.8,27.2,10.638,4.678,9.2,3.3,10,37.3,189.1,176.6,2.8,FBOM,2.69,34.8,0.129,600,773,0.64,42.41,6.3
283,Missouri,MC,MD,RN,48.0893,-105.3772,15.12,186.4,22.8,53.473,13.769,27.7,19.4,47.5,63,622,574.9,2.2,FBOM,18.36,60.1,0.033,595,2084,0.46,340.36,5.4
284,Missouri,OC,MD,OS,48.0882,-105.3748,14.28,192.4,27.5,60.118,7.146,7,13.3,39.7,69.6,911.9,891.5,1.1,FBOM,0.95,21.5,0.225,595,1992,0.47,4.93,19.3
286,Missouri,OC,MD,PN,48.0931,-105.4279,10.69,136.9,24.3,23.22,20.628,5.8,5,12,16.2,622.4,611.6,2,FBOM,3.52,42.9,0.122,599,1513,0.63,27.98,12.6
287,Missouri,MC,DW,RN,48.0874,-105.2648,9.49,107.8,18.7,7.937,2.089,12.9,1.2,9.3,13.3,330,315.9,3.4,SPOM,0.02,0,21.6,596,747,0.68,0.19,11
288,Missouri,MC,DW,RN,48.0797,-105.3171,9.69,107.5,17.7,9.515,2.438,9.6,1.3,8.3,7.6,281.7,270.8,2.9,SPOM,0.01,0,58,596,747,0.55,0.03,22.8
289,Missouri,MC,DW,PO,48.0925,-105.33,9.46,105.3,17.6,9.924,2.56,14.6,4.2,9.3,6.2,282.4,263.6,4.5,,,,,595,746,0.52,,
290,Missouri,OC,DW,FC,48.0853,-105.2704,7.57,96.4,24.6,10.109,3.783,33.3,5.1,9,7.7,249.5,211.1,9.4,FBOM,11.39,14,0.012,594,777,0.65,157.81,7.2
291,Missouri,MC,DW,SL,48.0801,-105.3094,9.53,109.2,19.2,9.333,2.519,0.8,2,9,9.2,190.5,187.7,0.7,FBOM,2.53,1.8,0.007,595,749,0.56,42.5,6
293,Missouri,OC,DW,BK,48.0798,-105.2992,11.95,162.5,28.3,9.023,2.546,8.3,1,12.7,12.6,273.2,263.9,1.6,FBOM,1.65,11.2,0.068,594,665,0.59,21.77,7.6
295,Missouri,MC,DW,CZ,48.0854,-105.2699,9.28,107.7,19.7,10.323,3.415,1.4,4,9.3,7,220.6,215.2,1.3,FBOM,4.98,14.3,0.029,595,751,0.66,92.6,5.4
297,Missouri,OC,DW,OS,48.098,-105.2528,11.11,143.8,25.1,29.402,5.057,40.1,4.2,23.7,8,315.1,270.8,4.1,FBOM,4.58,14.3,0.031,602,1718,0.73,52.28,8.8
299,Missouri,OC,DW,PN,48.0941,-105.2465,13.35,185.2,29.1,27.53,8.211,14.7,3.3,21.3,17,569.4,551.3,1.9,FBOM,2.41,9.6,0.04,602,1714,0.72,19.45,12.4
300,Milk,MC,UP,SR,48.3632,-106.9272,8.11,106.5,24.6,11.574,6.622,9.2,4,12.7,,,,2.3,SPOM,0.02,,,649,828,0.58,0.06,32.7
301,Milk,MC,UP,RN,48.3761,-106.9519,7.68,100.6,24.6,12.245,5.091,9.2,4.3,13.3,10.8,176,162.5,2.2,SPOM,0.02,,,645,816,0.5,0.01,31.6
302,Milk,MC,UP,PO,48.3731,-106.9741,7.65,98.1,23.9,10.343,6.666,3.8,4.7,10,19.3,445.6,437.2,1.9,,,,,668,814,0.43,,
303,Milk,OC,UP,OS,48.3796,-106.9665,6.12,75,21.1,4.933,13.665,7.7,3.5,139.7,202.4,949.6,938.4,0.2,FBOM,3.32,19.94,0.06,648,1090,0.46,9.05,36.7
304,Milk,MC,UP,SL,48.3759,-106.9339,7.36,100.8,26.8,11.82,6.465,1.4,7,13.3,11.9,217.2,208.8,1.4,FBOM,1.45,0.01,0,642,854,0.53,22.26,6.5
305,Milk,OC,UP,BK,48.3785,-106.9583,7.41,98.1,25.3,11.871,6.367,10.6,1.7,14.3,23.6,421.2,408.9,1.9,FBOM,4.93,0.01,0,640,834,0.48,80.81,6.1
306,Milk,MC,UP,RN,48.373,-106.9235,7.85,101.5,24.5,12.359,8.391,27.7,10.3,20,,,,4.2,SPOM,0.03,,,639,830,0.56,0.64,5.4
307,Milk,OC,UP,PS,48.3758,-106.9666,8.14,98.3,20.6,17.054,3.269,364.3,6,21.7,41.9,552.3,182,37.8,FBOM,4.19,0.01,0,637,938,0.44,60.61,6.9
308,Milk,MC,MD,RN,48.3529,-106.8907,7.09,88.8,23,6.998,6.841,6.9,1.7,12.3,14.6,201.3,192.8,1.5,SPOM,0.02,,,637,769,0.48,0.04,59.4
309,Milk,MC,MD,RN,48.36,-106.9052,7.36,91.5,22.6,10.082,6.471,14.5,1.7,12.7,14.2,232.3,216.1,2.8,SPOM,0.18,,,637,768,0.4,2.91,6.3
310,Milk,MC,MD,PO,48.3575,-106.9022,7.11,88.4,22.6,11.228,6.279,4.1,3.3,14,20.5,386.1,378.6,1.2,,,,,639,768,0.41,,
311,Milk,MC,MD,SL,48.348,-106.8908,7.53,97.9,24.7,10.902,6.28,4,2.5,13,15.6,266.2,259.7,1.1,FBOM,8.96,0.01,0,640,780,0.5,159.19,5.6
312,Milk,OC,MD,BK,48.3622,-106.8897,7.33,92.4,23.1,11.152,6.465,1.2,6,13.7,30.2,385.9,378.7,1.2,FBOM,3.12,1.63,0.005,635,802,0.44,41.6,7.5
313,Milk,OC,MD,PS,48.3622,-106.8897,5.47,61.7,17.2,30.039,6.766,209.9,5.7,29.7,19.4,281.8,66.2,16.1,,,,,635,1885,0.44,,
314,Milk,MC,MD,RN,48.3461,-106.8868,7.34,93.8,23.3,6.324,6.29,3.9,2.7,12.3,17.2,368.8,362.2,1.2,,,,,640,770,0.51,,
315,Milk,MC,MD,RN,48.3623,-106.8915,7.24,90.1,22.7,7.754,6.383,7.8,1.3,12.7,11.4,190.6,181.4,1.6,SPOM,0.05,,,635,769,0.42,0.74,7.3
316,Milk,MC,MD,RN,48.3606,-106.8853,7.75,97.8,23.1,11.006,6.2,5.7,0,11.7,13.2,204.1,198.4,1.1,SPOM,0.02,,,635,770,0.47,0.08,29.5
317,Milk,MC,DW,RN,48.3477,-106.8516,7.66,98.4,23.7,11.078,6.04,39.7,1.5,12.7,30.9,432.6,391.4,7.2,SPOM,0.03,,,639,767,0.59,0.12,23.3
318,Milk,MC,DW,PO,48.3367,-106.8383,7.91,101.2,23.9,10.065,6.007,3.5,2,14,22.1,418.8,413.3,0.9,,,,,640,766,0.63,,
319,Milk,OC,DW,FC,48.3125,-106.8251,14.28,192.4,27.5,9.545,6.773,30.3,16.5,12.7,,,,8.2,FBOM,8.03,0.01,0,639,1992,0.72,112.72,7.1
320,Milk,OC,DW,BK,48.3282,-106.835,8.17,105.9,24.4,9.442,6.234,1.4,3.3,11.7,16.5,359.9,355.2,0.9,FBOM,1.78,0.01,0,638,772,0.67,1.88,95
321,Milk,OC,DW,PS,48.3404,-106.8451,7.1,93.1,24.8,15.64,12.781,51.1,23.5,127.7,99.7,370.1,295.5,1.3,FBOM,0.44,0.02,0,639,1049,0.61,0.96,46.2
322,Milk,MC,DW,RN,48.3361,-106.8344,8.11,105.1,24.1,5.827,6.402,1.2,1.3,10.3,12,193.4,190.9,0.5,SPOM,0.18,,,639,768,0.57,2.61,6.9
323,Milk,MC,DW,RN,48.3249,-106.8278,8.44,108.5,24.3,9.356,6.718,1.2,4.3,13.3,12.9,214,208.5,0.9,SPOM,0.02,,,638,770,0.69,0.08,26.3
324,Milk,OC,DW,PN,48.3486,-106.879,7.13,95.2,26.1,10.095,6.776,17.7,4,15,,,,3.2,FBOM,4.1,0.01,0,645,1096,0.54,23.35,17.6
325,Swan,MC,UP,SR,47.7435,-113.8273,9.77,107.8,14.8,0.187,0.938,1.5,16.2,1.6,3.6,63.1,45.4,24.2,Epilithon,0.1,0.8,0.072,993,127.6,0.45,0.45,23.2
326,Swan,MC,UP,RN,47.7458,-113.8278,9.34,101.5,14.1,0.436,1.188,1.5,18.2,1.3,2.6,99.7,80,33.9,Epilithon,0.69,3.6,0.053,991,127.4,0.42,7.51,9.2
327,Swan,MC,UP,PO,47.7442,-113.8272,8.89,106.8,18.5,0.222,1.956,1.5,3.9,1.3,1.5,78.3,72.9,9.2,,,,,988,129.8,0.63,,
328,Swan,OC,UP,FC,47.7377,-113.8307,9.54,111.4,17.2,0.267,1.056,1.5,3.4,5,1.5,65.6,60.7,2.2,Epilithon,0.24,1.4,0.059,988,126.6,0.58,0.7,34.7
329,Swan,MC,UP,SL,47.738,-113.8287,9.37,110.3,17.6,0.304,0.942,3,15.2,2.3,4.7,102.4,84.2,17.6,Epilithon,0.11,0.3,0.028,990,127.6,0.53,0.59,18.4
331,Swan,OC,UP,PS,47.7358,-113.827,5.27,64.8,19.6,0.257,1.014,3,61.5,3,2.3,131,66.5,48.3,Epilithon,1.2,3.2,0.027,991,135.4,0.55,12.08,9.9
333,Swan,MC,UP,CZ,47.7388,-113.8309,9.13,107.4,17.5,0.273,0.917,1.5,15.9,1.3,1.5,80.8,63.4,29.9,Epilithon,2.41,10.5,0.044,990,127.3,0.59,3.49,69.2
335,Swan,OC,UP,PS,47.7399,-113.8274,5.93,61.3,11.2,2.541,1.514,1.8,12.9,3.6,1.9,59,44.3,9,Epilithon,1.15,20,0.174,996,427,0.47,2.04,56.4
337,Swan,OC,UP,OS,47.7458,-113.8295,3.9,40,11.6,0.426,1.651,37.6,4.2,3.6,2.7,119.2,77.4,25.6,Epilithon,0.37,12.9,0.345,986,193.4,0.38,1.24,30.1
339,Swan,OC,UP,PN,47.7379,-113.8294,3.17,36.8,17.3,0.105,1.705,1.5,1.9,8,,,,0.9,FBOM,29.61,511.2,0.173,992,166.7,0.52,236.06,12.5
340,Swan,MC,MD,SR,47.8136,-113.8326,9.49,102.3,14,0.319,1.501,1.5,26.4,5,,,,12.4,Epilithon,0.24,9.1,0.382,956,155.1,0.46,0.64,37.4
341,Swan,MC,MD,RN,47.8101,-113.8355,9.96,110.2,15.2,0.265,1.389,1.5,22.9,5,1.7,55.5,31.1,10.9,Epilithon,0.13,0.9,0.069,954,146,0.51,0.5,25.3
342,Swan,MC,MD,PO,47.8091,-113.8373,9.43,107.6,16.3,0.254,1.057,1.5,26.5,5.3,2.7,92.8,64.8,11.7,,,,,965,147.1,0.56,,
343,Swan,OC,MD,FC,47.8144,-113.8335,5.31,56.2,13.3,0.17,0.981,1.5,23.2,5,3.3,76,51.3,11,Epilithon,0.49,96.3,1.974,960,160.4,0.44,2.25,21.7
344,Swan,MC,MD,SL,47.8082,-113.8391,7.69,94.1,19.6,0.154,0.536,2.8,12.4,3.6,2.1,115,99.9,9.2,Epilithon,0.1,0.3,0.027,966,149.2,0.58,0.47,21.7
346,Swan,MC,MD,CZ,47.8063,-113.838,9.08,105.1,17,0.316,0.862,2,23.5,4.3,3.5,57.8,32.3,13.2,Epilithon,0.06,0.2,0.032,966,147.5,0.62,0.46,12.2
348,Swan,OC,MD,BK,47.8101,-113.8361,9.45,110.2,17.5,0.33,1.226,1.5,25.9,4.6,3.1,50,22.6,13.1,FBOM,27.61,121.3,0.044,964,148.9,0.54,292.63,9.4
350,Swan,OC,MD,OS,47.8112,-113.8324,3.76,35.9,8.7,0.976,0.609,1.5,31.5,5.6,16.6,149.8,116.8,13,FBOM,33.94,180.9,0.053,955,217.7,0.49,289.54,11.7
352,Swan,OC,MD,PN,47.8159,-113.8337,6.41,65.1,11.3,5.969,2.075,1.5,13.9,11.6,2.1,93.7,78.3,2.9,FBOM,70.38,431.1,0.061,956,378.4,0.43,244.65,28.8
353,Swan,MC,DW,SR,47.8205,-113.8362,9.56,102,13.7,0.361,1.3,1.7,26.9,6,2.8,33.6,5.1,10.6,Epilithon,0.07,1,0.135,951,143.5,0.4,0.25,28.5
354,Swan,MC,DW,RN,47.8181,-113.8344,11.13,126.2,16.1,0.355,1.436,1.5,23.9,4.6,3.1,54.7,29.3,12.1,Epilithon,0.61,3.4,0.055,953,149.4,0.58,1.06,57.7
355,Swan,MC,DW,PO,47.8224,-113.8425,10.37,116.4,15.6,0.562,1.252,1.5,25.2,6,1.9,70.7,44,9.9,,,,,949,150.8,0.55,,
356,Swan,OC,DW,FC,47.8197,-113.84,9.37,100.3,13.7,0.32,1.139,1.5,26.2,5.6,2,72.1,44.4,10.9,Epilithon,0.07,0.3,0.044,953,142.1,0.42,0.33,20.8
357,Swan,MC,DW,SL,47.8205,-113.8426,9.64,104.3,14.2,0.241,1.077,2.8,22.9,5.3,1.5,50.2,24.5,10.8,Epilithon,0.24,2.3,0.096,950,153.2,0.44,2.41,10
359,Swan,OC,DW,PS,47.823,-113.8434,6.42,73.6,16.7,0.421,1.12,1.5,39.9,6.3,,,,14.6,FBOM,3.2,8.1,0.025,947,154.7,0.49,29.09,11
361,Swan,MC,DW,CZ,47.8232,-113.8436,9.8,106.7,14.3,0.44,1.545,1.5,323.2,5.3,,,,135.9,Epilithon,0.08,0.7,0.081,947,151.7,0.51,0.61,13.9
363,Swan,OC,DW,BK,47.8238,-113.845,0.93,10.8,17.1,0.341,1.781,7.4,10.4,7.8,,,,5.1,FBOM,1.97,4.6,0.023,976,176.3,0.53,16.46,12
365,Swan,OC,DW,PN,47.8225,-113.8438,3.3,40.8,20.6,0.189,1.76,1.5,3.9,8.3,2.5,36.4,31,1.4,FBOM,2.29,6.9,0.03,946,171.5,0.48,21.44,10.7
